{
    "repeats": 100,
    "problems": ["vanderpol", "cr3bp"],
    "languages": ["rust", "python", "fortran"],
    "problem_settings": {
        "vanderpol": {
            "mu": 0.2,
            "t0": 0.0,
            "tf": 1000.0,
            "y0": [0.0, 0.1],
            "atol": 1e-12,
            "rtol": 1e-12
        },
        "cr3bp": {
            "mu": 0.012150585609624,
            "t0": 0.0,
            "tf": 10.0,
            "y0": [1.021881345465263, 0.0, -0.182000000000000, 0.0, -0.102950816739606, 0.0],
            "atol": 1e-12,
            "rtol": 1e-12
        }
    }
}